{
  "common_crawl": 2.0606936980947728,
  "c4": 2.3579091353199804,
  "github": 0.7865950170981925,
  "arxiv": 1.2604787493893503,
  "wikipedia": 1.586360527601368,
  "stackexchange": 1.5819052271617,
  "waste": 1.965
}
